{
  "Item errors": {
    "('08122008671', 'default')": 5
  },
  "Source errors": {
    "0": 1,
    "1": 1,
    "2": 1
  },
  "All errors": [
    "Item ('08122008671', 'default'): can't find matching annotation in sources {0, 1}, annotation is Bbox(id=0, attributes={'occluded': False, 'rotation': 0.0}, group=0, points=[1384.29, 220.44, 1536.0, 495.32], label=1, z_order=0)",
    "Item ('08122008671', 'default'): label voting failed, votes {'chair': [1.0, 1]}, sources set()",
    "Item ('08122008671', 'default'): attribute voting failed for ann Bbox(id=0, attributes={'occluded': False, 'rotation': 0.0, 'score': 0.8334732041417593}, group=0, points=[275.71, 398.65, 499.24, 906.12], label=2, z_order=0), votes {0.8334732041417593: 1}, sources {0, 1, 2}",
    "Item ('08122008671', 'default'): attribute voting failed for ann Bbox(id=0, attributes={'occluded': False, 'rotation': 0.0, 'score': 0.8057158937612492}, group=0, points=[230.4, 75.45, 1536.0, 2044.91], label=0, z_order=0), votes {0.8057158937612492: 1}, sources {0, 1, 2}",
    "Item ('08122008671', 'default'): attribute voting failed for ann Bbox(id=0, attributes={'occluded': False, 'rotation': 0.0, 'score': 0.887802787530787}, group=0, points=[251.25, 2.95, 674.44, 271.79], label=1, z_order=0), votes {0.887802787530787: 1}, sources set()"
  ]
}